{
    "segmentList": [
        {
            "nodeList": [
                [
                    187363644,
                    25.0351596,
                    121.623137,
                    0.0
                ],
                [
                    2599279593,
                    25.0313401,
                    121.6325998,
                    1.043
                ],
                [
                    187363767,
                    25.0244093,
                    121.6392517,
                    2.069
                ],
                [
                    187363792,
                    25.0150967,
                    121.64276,
                    3.16
                ]
            ],
            "highLon": 121.6452469,
            "segmentId": 50000,
            "highLat": 25.0351596,
            "rampOutList": [
                50002,
                50003
            ],
            "highWay": "HW5S",
            "lowLat": 25.0107544,
            "nextSegmentList": [
                50001
            ],
            "lowLon": 121.623137
        },
        {
            "nodeList": [
                [
                    187363880,
                    25.0082732,
                    121.647713,
                    4.075
                ],
                [
                    4436911381,
                    25.0007755,
                    121.6512619,
                    5.005
                ],
                [
                    2098406907,
                    24.9921014,
                    121.6538773,
                    6.017
                ],
                [
                    2599279545,
                    24.9837255,
                    121.6612029,
                    7.24
                ]
            ],
            "highLon": 121.6624045,
            "segmentId": 50001,
            "highLat": 25.0107544,
            "rampOutList": [
                50005
            ],
            "highWay": "HW5S",
            "lowLat": 24.9825239,
            "nextSegmentList": [
                50002
            ],
            "lowLon": 121.6452469
        },
        {
            "nodeList": [
                [
                    2599279541,
                    24.9825239,
                    121.6624045,
                    7.421
                ],
                [
                    2599279540,
                    24.9823128,
                    121.6627512,
                    7.463
                ]
            ],
            "highLon": 121.6627512,
            "segmentId": 50002,
            "highLat": 24.9825239,
            "rampOutList": [
                50006
            ],
            "highWay": "HW5S",
            "lowLat": 24.9823128,
            "nextSegmentList": [
                50003
            ],
            "lowLon": 121.6624045
        },
        {
            "nodeList": [
                [
                    2599279540,
                    24.9823128,
                    121.6627512,
                    7.463
                ],
                [
                    4879812904,
                    24.9820006,
                    121.6679812,
                    8.002
                ],
                [
                    187364957,
                    24.9776101,
                    121.6763949,
                    9.028
                ],
                [
                    2599279516,
                    24.9699283,
                    121.6820598,
                    10.074
                ],
                [
                    187365068,
                    24.9616671,
                    121.6859865,
                    11.094
                ],
                [
                    2599279489,
                    24.9541783,
                    121.6901922,
                    12.039
                ],
                [
                    2599279475,
                    24.9494362,
                    121.7008996,
                    13.259
                ],
                [
                    187365186,
                    24.9448243,
                    121.7102727,
                    14.341
                ]
            ],
            "highLon": 121.7102727,
            "segmentId": 50003,
            "highLat": 24.9823128,
            "rampOutList": [
                50008,
                50009
            ],
            "highWay": "HW5S",
            "lowLat": 24.9448243,
            "nextSegmentList": [
                50004
            ],
            "lowLon": 121.6627512
        },
        {
            "nodeList": [
                [
                    187365186,
                    24.9448243,
                    121.7102727,
                    14.341
                ],
                [
                    2599279454,
                    24.933064,
                    121.7197609,
                    15.971
                ],
                [
                    2599279452,
                    24.9325919,
                    121.7201257,
                    16.035
                ],
                [
                    2599279422,
                    24.9130225,
                    121.736927,
                    18.808
                ],
                [
                    4137454734,
                    24.9029526,
                    121.7495372,
                    20.499
                ],
                [
                    187366907,
                    24.8921871,
                    121.7595863,
                    22.07
                ],
                [
                    2599279398,
                    24.8766088,
                    121.7712593,
                    24.164
                ],
                [
                    2599279390,
                    24.8664379,
                    121.7826748,
                    25.776
                ],
                [
                    2599279375,
                    24.8572969,
                    121.7897344,
                    27.024
                ],
                [
                    2599279359,
                    24.8483276,
                    121.7911935,
                    28.041
                ],
                [
                    187365284,
                    24.8478132,
                    121.7910933,
                    28.099
                ],
                [
                    4419868549,
                    24.8436637,
                    121.7893303,
                    28.593
                ],
                [
                    187365351,
                    24.8370815,
                    121.7900239,
                    29.335
                ]
            ],
            "highLon": 121.7913437,
            "segmentId": 50004,
            "highLat": 24.9448243,
            "rampOutList": [
                50012
            ],
            "highWay": "HW5S",
            "lowLat": 24.8370815,
            "nextSegmentList": [
                50005
            ],