{
    "segmentList": [
        {
            "nodeList": [
                [
                    5353713056,
                    24.620975,
                    121.8117294,
                    54.139
                ],
                [
                    4414865622,
                    24.6300126,
                    121.8076675,
                    53.131
                ],
                [
                    187369877,
                    24.6374529,
                    121.8056538,
                    52.291
                ],
                [
                    4414582437,
                    24.6474612,
                    121.8047396,
                    51.175
                ],
                [
                    187369670,
                    24.6565166,
                    121.8037209,
                    50.159
                ],
                [
                    187369621,
                    24.6610103,
                    121.8012829,
                    49.602
                ],
                [
                    187369544,
                    24.6678554,
                    121.7970839,
                    48.732
                ],
                [
                    983037954,
                    24.6748499,
                    121.7949371,
                    47.927
                ]
            ],
            "highLon": 121.8126172,
            "segmentId": 55000,
            "highLat": 24.6748499,
            "rampOutList": [
                55006
            ],
            "highWay": "HW5N",
            "lowLat": 24.6196387,
            "nextSegmentList": [
                55001
            ],
            "lowLon": 121.7949371
        },
        {
            "nodeList": [
                [
                    983037954,
                    24.6748499,
                    121.7949371,
                    47.927
                ],
                [
                    2265734884,
                    24.6902378,
                    121.7911813,
                    46.178
                ],
                [
                    4419903535,
                    24.69736,
                    121.7909462,
                    45.388
                ],
                [
                    4419861512,
                    24.7094406,
                    121.7900062,
                    44.043
                ],
                [
                    187369339,
                    24.7168563,
                    121.787963,
                    43.196
                ],
                [
                    4414590218,
                    24.7257406,
                    121.7849898,
                    42.166
                ],
                [
                    4419971614,
                    24.7301801,
                    121.7834906,
                    41.651
                ]
            ],
            "highLon": 121.7949371,
            "segmentId": 55001,
            "highLat": 24.7301801,
            "rampOutList": [
                55008
            ],
            "highWay": "HW5N",
            "lowLat": 24.6748499,
            "nextSegmentList": [
                55002
            ],
            "lowLon": 121.7834906
        },
        {
            "nodeList": [
                [
                    4414612083,
                    24.7352013,
                    121.7820279,
                    41.075
                ],
                [
                    4419882776,
                    24.7432886,
                    121.781752,
                    40.176
                ],
                [
                    187369129,
                    24.7518079,
                    121.7798781,
                    39.207
                ],
                [
                    187369018,
                    24.7604019,
                    121.7779349,
                    38.23
                ],
                [
                    187368915,
                    24.7696099,
                    121.7790936,
                    37.201
                ],
                [
                    2265734974,
                    24.7793738,
                    121.7782715,
                    36.113
                ],
                [
                    2265735036,
                    24.7877144,
                    121.779571,
                    35.175
                ],
                [
                    187368633,
                    24.7966507,
                    121.782274,
                    34.145
                ],
                [
                    187368541,
                    24.8052542,
                    121.7825549,
                    33.189
                ],
                [
                    4461425642,
                    24.8152062,
                    121.7812099,
                    32.069
                ],
                [
                    4414628987,
                    24.8224324,
                    121.7850441,
                    31.166
                ],
                [
                    187368294,
                    24.8263651,
                    121.7889946,
                    30.574
                ]
            ],
            "highLon": 121.7889946,
            "segmentId": 55002,
            "highLat": 24.8263651,
            "rampOutList": [
                55010,
                55011
            ],
            "highWay": "HW5N",
            "lowLat": 24.7301801,
            "nextSegmentList": [
                55003
            ],